"","OP1040","OP1041","OP1122","OP1123","OP1130","OP1135","OP1136","OP1140","OP1141","OP1145","OP1148","OP1149","OP1164","OP1168","OP1173","OP1174","OP1178","OP1179","OP1183","OP1184","OP1188","OP1193","OP1194","OP1197","OP1202","OP1209","OP1210","OP1214","OP1215","OP1218","OP1219","OP1223","OP2104","OP2105","OP2108","OP2109","OP2114","OP2679","OP2682","OP2683","OP2686","OP2977","OP2978","OP877","OP886","OP887","OP889","OP893","OP894","OP905","OP914","OP915","OP916","OP921","OP929","OP935","OP938","OP945","OP946","OP951","OP952","OP956","OP959","OP964","OP965"
"OP1040",0,1393,987,1024,899,985,1049,1019,996,1003,973,986,812,1071,791,988,925,1045,1040,1019,1070,917,798,1017,1053,1099,1019,1040,972,971,1019,1061,1011,1007,1015,1006,936,1036,1015,1015,954,974,974,1033,995,1181,1019,1089,1083,892,1027,944,863,684,1308,941,953,961,937,998,824,1245,1161,955,943
"OP1041",1393,0,927,892,918,947,898,911,995,923,967,885,946,948,952,926,963,933,895,871,937,949,882,928,908,941,939,957,916,934,906,930,930,903,957,954,1069,959,885,867,943,884,948,1078,1088,1065,1151,1199,1131,916,921,873,977,873,1188,947,906,883,892,890,911,1178,1162,881,884
"OP1122",987,927,0,1603,944,1488,1537,1520,1365,1401,955,1063,1093,1254,819,1073,1099,1257,1510,1537,1389,1272,1088,1122,1104,1350,1265,1398,1409,1467,1511,1213,1376,1396,1345,1329,875,1431,1366,1371,1473,933,1031,1014,918,1092,774,936,1011,835,1035,1052,781,526,1047,875,943,966,958,941,824,1044,1039,813,899
"OP1123",1024,892,1603,0,938,1459,1597,1568,1359,1422,959,1113,1027,1267,760,1104,1075,1279,1566,1589,1446,1263,1070,1141,1139,1392,1296,1417,1420,1470,1557,1260,1415,1425,1344,1338,823,1468,1400,1416,1440,965,1030,1014,908,1146,738,895,973,802,1075,1074,720,482,1056,892,959,980,955,964,790,1057,1038,813,930
"OP1130",899,918,944,938,0,926,945,961,892,925,1136,1209,903,885,1072,1181,962,986,965,961,951,935,868,931,1314,964,967,921,935,942,966,990,953,952,959,980,891,909,951,969,944,1061,1097,959,896,930,874,926,911,1008,1031,1047,1021,874,909,1070,1100,1081,1081,1056,1054,950,977,968,1076
"OP1135",985,947,1488,1459,926,0,1529,1483,1382,1359,959,998,1129,1183,864,1016,1106,1184,1453,1462,1315,1298,1132,1077,1052,1277,1250,1337,1361,1431,1456,1154,1343,1338,1303,1290,922,1394,1314,1301,1434,886,988,1021,938,1042,850,961,1008,825,1002,1023,794,608,1019,865,906,915,895,898,814,1028,1046,782,860
"OP1136",1049,898,1537,1597,945,1529,0,1586,1391,1418,946,1099,1028,1284,741,1089,1075,1276,1574,1593,1433,1271,1059,1148,1156,1408,1302,1434,1414,1477,1577,1255,1406,1418,1334,1312,828,1483,1405,1410,1440,968,1020,1029,901,1157,752,906,975,810,1100,1078,729,501,1069,897,963,985,952,986,792,1081,1024,834,928
"OP1140",1019,911,1520,1568,961,1483,1586,0,1465,1400,969,1081,1058,1229,820,1091,1108,1264,1572,1576,1401,1295,1159,1108,1115,1356,1296,1394,1395,1507,1574,1228,1397,1416,1333,1318,853,1466,1387,1367,1473,947,999,1024,925,1115,774,923,971,798,1043,1042,729,540,1043,891,940,956,925,940,816,1074,1044,802,913
"OP1141",996,995,1365,1359,892,1382,1391,1465,0,1243,1008,951,1138,1203,889,977,1067,1110,1348,1368,1220,1294,1168,1018,1011,1191,1177,1306,1267,1361,1395,1104,1247,1231,1213,1202,896,1393,1232,1201,1372,891,895,975,943,1008,897,944,1001,822,1004,969,849,702,984,899,895,882,875,894,855,991,985,833,892
"OP1145",1003,923,1401,1422,925,1359,1418,1400,1243,0,935,1044,1097,1261,822,1040,1129,1263,1402,1390,1409,1185,1029,1106,1058,1370,1328,1389,1400,1356,1390,1197,1456,1496,1343,1332,880,1316,1470,1455,1323,934,994,1019,926,1094,808,942,999,835,1019,1022,752,552,1032,880,945,952,942,922,806,1066,1064,774,877
"OP1148",973,967,955,959,1136,959,946,969,1008,935,0,1372,885,930,1178,1339,976,991,986,958,973,983,867,942,1157,971,981,960,951,929,947,987,952,947,1006,1002,879,989,946,932,952,1090,1067,940,905,946,914,928,969,1002,1092,1097,1024,902,948,1112,1103,1124,1106,1078,1037,971,973,1007,1083
"OP1149",986,885,1063,1113,1209,998,1099,1081,951,1044,1372,0,792,1024,1053,1406,954,1087,1119,1109,1110,935,781,1017,1273,1099,1058,1045,1036,1021,1092,1110,1048,1063,1050,1054,784,1035,1070,1099,983,1161,1124,929,855,1012,786,875,929,1021,1167,1201,937,705,998,1115,1178,1222,1206,1160,1005,1023,989,1057,1171
"OP1164",812,946,1093,1027,903,1129,1028,1058,1138,1097,885,792,0,1171,1008,833,1021,930,1005,1026,987,1146,1126,938,845,975,988,1075,1126,1113,1047,890,1069,1071,1042,1061,1070,1061,1045,1017,1133,787,855,933,948,849,997,981,1070,869,832,815,1004,891,917,845,780,768,784,777,944,884,939,776,766
"OP1168",1071,948,1254,1267,885,1183,1284,1229,1203,1261,930,1024,1171,0,708,984,941,1117,1240,1249,1251,1023,803,1170,1038,1235,1103,1312,1197,1178,1236,1104,1222,1269,1179,1142,893,1261,1259,1297,1182,922,912,924,815,1062,768,871,1090,921,1002,913,860,530,1105,883,921,927,914,973,763,996,938,1072,943
"OP1173",791,952,819,760,1072,864,741,820,889,822,1178,1053,1008,708,0,1193,981,826,799,762,799,939,1037,767,942,789,867,795,841,849,803,819,828,808,865,898,979,787,799,767,890,975,1000,892,991,796,1041,1003,941,969,911,961,1107,1132,837,1023,971,970,962,921,1121,895,961,829,918
"OP1174",988,926,1073,1104,1181,1016,1089,1091,977,1040,1339,1406,833,984,1193,0,978,1100,1130,1099,1106,971,823,1013,1258,1098,1063,1038,1045,1029,1081,1098,1060,1084,1069,1073,841,1010,1059,1063,1023,1143,1165,953,875,1037,797,904,950,1040,1144,1147,972,756,996,1095,1147,1185,1162,1143,1026,1010,997,1008,1097
"OP1178",925,963,1099,1075,962,1106,1075,1108,1067,1129,976,954,1021,941,981,978,0,1328,1090,1074,1128,1068,1028,993,961,1097,1127,1084,1123,1080,1096,1070,1127,1107,1133,1140,932,1040,1116,1102,1100,869,913,1002,988,976,913,1011,960,803,882,925,842,770,935,854,887,886,897,842,890,984,995,755,850
"OP1179",1045,933,1257,1279,986,1184,1276,1264,1110,1263,991,1087,930,1117,826,1100,1328,0,1287,1263,1312,1063,912,1148,1078,1291,1204,1216,1240,1193,1248,1214,1251,1275,1241,1222,851,1161,1254,1264,1191,973,1033,994,905,1094,796,934,978,849,1022,1027,766,580,1036,913,967,1005,979,968,841,1067,1041,855,934
"OP1183",1040,895,1510,1566,965,1453,1574,1572,1348,1402,986,1119,1005,1240,799,1130,1090,1287,0,1641,1440,1307,1071,1143,1152,1384,1284,1397,1425,1469,1539,1258,1399,1419,1337,1349,815,1425,1383,1397,1449,988,1053,1010,899,1144,749,904,987,816,1100,1100,725,503,1066,906,976,1008,970,983,806,1094,1045,827,941
"OP1184",1019,871,1537,1589,961,1462,1593,1576,1368,1390,958,1109,1026,1249,762,1099,1074,1263,1641,0,1424,1286,1100,1135,1132,1371,1269,1411,1419,1483,1558,1257,1404,1425,1317,1306,831,1446,1392,1401,1482,973,1022,1017,911,1142,748,889,965,806,1088,1076,720,503,1054,892,982,995,961,978,805,1074,1034,824,937
"OP1188",1070,937,1389,1446,951,1315,1433,1401,1220,1409,973,1110,987,1251,799,1106,1128,1312,1440,1424,0,1162,970,1159,1134,1423,1316,1367,1363,1331,1398,1270,1409,1426,1399,1364,824,1319,1415,1425,1298,966,1029,1009,887,1135,761,925,1006,838,1089,1081,746,510,1089,893,977,1001,973,970,795,1091,1071,830,937
"OP1193",917,949,1272,1263,935,1298,1271,1295,1294,1185,983,935,1146,1023,939,971,1068,1063,1307,1286,1162,0,1211,944,983,1142,1122,1205,1212,1310,1286,1058,1207,1177,1176,1175,927,1270,1162,1122,1292,862,920,974,978,962,965,963,985,795,969,970,875,803,910,908,864,864,876,860,901,977,1003,717,851
"OP1194",798,882,1088,1070,868,1132,1059,1159,1168,1029,867,781,1126,803,1037,823,1028,912,1071,1100,970,1211,0,766,800,942,1033,1034,1105,1184,1141,900,1072,1030,1037,1032,913,1100,1039,976,1176,771,818,898,1014,829,999,939,878,718,825,879,821,976,795,792,757,742,743,722,898,884,936,599,741
"OP1197",1017,928,1122,1141,931,1077,1148,1108,1018,1106,942,1017,938,1170,767,1013,993,1148,1143,1135,1159,944,766,0,1044,1143,1051,1124,1092,1052,1102,1164,1097,1100,1096,1085,951,1059,1108,1139,1061,952,963,957,841,1036,780,900,1002,929,981,950,854,572,1081,873,933,956,930,964,797,1009,974,951,918
"OP1202",1053,908,1104,1139,1314,1052,1156,1115,1011,1058,1157,1273,845,1038,942,1258,961,1078,1152,1132,1134,983,800,1044,0,1139,1054,1082,1063,1039,1114,1157,1089,1092,1070,1061,796,1060,1096,1091,1018,1147,1171,960,844,1069,795,877,958,995,1199,1147,947,690,1039,1074,1132,1154,1123,1168,966,1029,1017,1029,1105
"OP1209",1099,941,1350,1392,964,1277,1408,1356,1191,1370,971,1099,975,1235,789,1098,1097,1291,1384,1371,1423,1142,942,1143,1139,0,1409,1347,1326,1294,1370,1255,1374,1403,1367,1358,823,1291,1389,1374,1250,996,1032,1001,906,1180,786,920,1004,855,1121,1057,762,512,1079,916,977,1002,977,1003,817,1098,1050,853,943
"OP1210",1019,939,1265,1296,967,1250,1302,1296,1177,1328,981,1058,988,1103,867,1063,1127,1204,1284,1269,1316,1122,1033,1051,1054,1409,0,1293,1311,1233,1295,1161,1341,1309,1315,1316,850,1233,1356,1326,1203,927,979,1033,940,1067,827,967,985,837,1010,1029,764,640,1013,906,965,966,949,924,844,1076,1051,793,932
"OP1214",1040,957,1398,1417,921,1337,1434,1394,1306,1389,960,1045,1075,1312,795,1038,1084,1216,1397,1411,1367,1205,1034,1124,1082,1347,1293,0,1531,1353,1418,1204,1401,1395,1309,1290,861,1400,1392,1340,1313,930,964,1007,933,1107,804,898,1020,819,1055,1020,772,570,1034,936,955,949,943,956,831,1040,1011,849,935
"OP1215",972,916,1409,1420,935,1361,1414,1395,1267,1400,951,1036,1126,1197,841,1045,1123,1240,1425,1419,1363,1212,1105,1092,1063,1326,1311,1531,0,1372,1425,1201,1385,1402,1321,1323,878,1324,1378,1356,1344,925,988,1023,962,1090,813,925,971,805,1007,1032,777,607,999,901,945,948,943,924,848,1046,1034,776,898
"OP1218",971,934,1467,1470,942,1431,1477,1507,1361,1356,929,1021,1113,1178,849,1029,1080,1193,1469,1483,1331,1310,1184,1052,1039,1294,1233,1353,1372,0,1523,1152,1321,1344,1270,1271,875,1382,1312,1312,1429,907,978,984,936,1060,819,933,968,797,1014,1026,775,616,991,884,913,915,899,913,856,1027,1029,765,875
"OP1219",1019,906,1511,1557,966,1456,1577,1574,1395,1390,947,1092,1047,1236,803,1081,1096,1248,1539,1558,1398,1286,1141,1102,1114,1370,1295,1418,1425,1523,0,1243,1400,1405,1303,1302,822,1469,1372,1376,1454,953,1000,1000,926,1131,780,909,959,810,1072,1059,735,548,1024,893,962,957,942,960,817,1066,1036,800,926
"OP1223",1061,930,1213,1260,990,1154,1255,1228,1104,1197,987,1110,890,1104,819,1098,1070,1214,1258,1257,1270,1058,900,1164,1157,1255,1161,1204,1201,1152,1243,0,1213,1228,1208,1183,839,1162,1224,1208,1129,984,1012,980,897,1116,807,917,956,842,1054,1034,794,573,1044,924,963,1012,963,994,819,1074,1019,873,962
"OP2104",1011,930,1376,1415,953,1343,1406,1397,1247,1456,952,1048,1069,1222,828,1060,1127,1251,1399,1404,1409,1207,1072,1097,1089,1374,1341,1401,1385,1321,1400,1213,0,1543,1336,1329,866,1336,1513,1495,1296,931,981,1013,940,1104,823,933,979,801,1043,1056,740,567,1004,897,937,945,920,932,830,1045,1035,756,899
"OP2105",1007,903,1396,1425,952,1338,1418,1416,1231,1496,947,1063,1071,1269,808,1084,1107,1275,1419,1425,1426,1177,1030,1100,1092,1403,1309,1395,1402,1344,1405,1228,1543,0,1366,1348,834,1334,1555,1496,1324,941,995,1003,899,1106,773,910,979,826,1041,1022,745,532,1027,881,940,945,936,936,804,1065,1028,795,891
"OP2108",1015,957,1345,1344,959,1303,1334,1333,1213,1343,1006,1050,1042,1179,865,1069,1133,1241,1337,1317,1399,1176,1037,1096,1070,1367,1315,1309,1321,1270,1303,1208,1336,1366,0,1482,879,1256,1358,1315,1244,917,990,1027,936,1074,841,963,1001,823,1013,1010,800,601,1036,889,930,944,932,918,804,1066,1076,809,904
"OP2109",1006,954,1329,1338,980,1290,1312,1318,1202,1332,1002,1054,1061,1142,898,1073,1140,1222,1349,1306,1364,1175,1032,1085,1061,1358,1316,1290,1323,1271,1302,1183,1329,1348,1482,0,877,1236,1334,1290,1256,927,1004,1018,934,1058,841,962,1003,810,996,1016,789,608,1020,890,932,946,933,908,832,1074,1094,788,903
"OP2114",936,1069,875,823,891,922,828,853,896,880,879,784,1070,893,979,841,932,851,815,831,824,927,913,951,796,823,850,861,878,875,822,839,866,834,879,877,0,847,836,816,912,818,883,1183,1157,1046,1068,1061,1031,906,814,809,1034,913,1008,891,860,828,846,830,950,975,1000,873,827
"OP2679",1036,959,1431,1468,909,1394,1483,1466,1393,1316,989,1035,1061,1261,787,1010,1040,1161,1425,1446,1319,1270,1100,1059,1060,1291,1233,1400,1324,1382,1469,1162,1336,1334,1256,1236,847,0,1333,1278,1349,924,934,994,928,1067,846,901,997,791,1052,1019,766,607,1010,909,939,927,907,943,809,1023,985,846,926
"OP2682",1015,885,1366,1400,951,1314,1405,1387,1232,1470,946,1070,1045,1259,799,1059,1116,1254,1383,1392,1415,1162,1039,1108,1096,1389,1356,1392,1378,1312,1372,1224,1513,1555,1358,1334,836,1333,0,1553,1284,926,984,1000,916,1112,797,919,971,797,1021,1007,731,526,1018,859,930,948,924,933,791,1064,1044,805,901
"OP2683",1015,867,1371,1416,969,1301,1410,1367,1201,1455,932,1099,1017,1297,767,1063,1102,1264,1397,1401,1425,1122,976,1139,1091,1374,1326,1340,1356,1312,1376,1208,1495,1496,1315,1290,816,1278,1553,0,1270,936,984,993,862,1097,727,888,950,817,1018,1016,727,482,1026,855,943,974,955,943,759,1030,1002,848,918
"OP2686",954,943,1473,1440,944,1434,1440,1473,1372,1323,952,983,1133,1182,890,1023,1100,1191,1449,1482,1298,1292,1176,1061,1018,1250,1203,1313,1344,1429,1454,1129,1296,1324,1244,1256,912,1349,1284,1270,0,894,986,1008,951,1046,846,963,993,830,1005,990,822,636,1000,858,903,898,891,884,852,1023,1033,776,862
"OP2977",974,884,933,965,1061,886,968,947,891,934,1090,1161,787,922,975,1143,869,973,988,973,966,862,771,952,1147,996,927,930,925,907,953,984,931,941,917,927,818,924,926,936,894,0,1453,896,864,986,797,845,873,1240,1369,1343,1218,953,980,1395,1448,1491,1452,1428,1266,964,943,1279,1394
"OP2978",974,948,1031,1030,1097,988,1020,999,895,994,1067,1124,855,912,1000,1165,913,1033,1053,1022,1029,920,818,963,1171,1032,979,964,988,978,1000,1012,981,995,990,1004,883,934,984,984,986,1453,0,963,911,1001,849,927,927,1185,1324,1317,1164,864,1027,1287,1341,1371,1355,1327,1175,989,999,1212,1296
"OP877",1033,1078,1014,1014,959,1021,1029,1024,975,1019,940,929,933,924,892,953,1002,994,1010,1017,1009,974,898,957,960,1001,1033,1007,1023,984,1000,980,1013,1003,1027,1018,1183,994,1000,993,1008,896,963,0,1230,1247,1018,1093,1034,831,894,926,905,763,1045,909,923,910,930,888,867,1120,1089,842,878
"OP886",995,1088,918,908,896,938,901,925,943,926,905,855,948,815,991,875,988,905,899,911,887,978,1014,841,844,906,940,933,962,936,926,897,940,899,936,934,1157,928,916,862,951,864,911,1230,0,1377,1112,1094,983,807,845,866,914,921,967,908,886,854,851,842,923,1070,1064,773,833
"OP887",1181,1065,1092,1146,930,1042,1157,1115,1008,1094,946,1012,849,1062,796,1037,976,1094,1144,1142,1135,962,829,1036,1069,1180,1067,1107,1090,1060,1131,1116,1104,1106,1074,1058,1046,1067,1112,1097,1046,986,1001,1247,1377,0,917,1020,1030,854,1020,973,814,648,1125,919,962,968,951,982,834,1171,1106,892,926
"OP889",1019,1151,774,738,874,850,752,774,897,808,914,786,997,768,1041,797,913,796,749,748,761,965,999,780,795,786,827,804,813,819,780,807,823,773,841,841,1068,846,797,727,846,797,849,1018,1112,917,0,1193,1049,833,802,805,974,1042,972,898,819,800,809,781,924,1172,1185,780,819
"OP893",1089,1199,936,895,926,961,906,923,944,942,928,875,981,871,1003,904,1011,934,904,889,925,963,939,900,877,920,967,898,925,933,909,917,933,910,963,962,1061,901,919,888,963,845,927,1093,1094,1020,1193,0,1194,858,854,871,932,856,1090,882,874,854,870,818,886,1223,1238,789,815
"OP894",1083,1131,1011,973,911,1008,975,971,1001,999,969,929,1070,1090,941,950,960,978,987,965,1006,985,878,1002,958,1004,985,1020,971,968,959,956,979,979,1001,1003,1031,997,971,950,993,873,927,1034,983,1030,1049,1194,0,927,958,909,972,796,1169,913,895,884,870,880,874,1154,1146,892,861
"OP905",892,916,835,802,1008,825,810,798,822,835,1002,1021,869,921,969,1040,803,849,816,806,838,795,718,929,995,855,837,819,805,797,810,842,801,826,823,810,906,791,797,817,830,1240,1185,831,807,854,833,858,927,0,1182,1139,1258,930,970,1212,1245,1251,1224,1263,1180,888,884,1241,1198
"OP914",1027,921,1035,1075,1031,1002,1100,1043,1004,1019,1092,1167,832,1002,911,1144,882,1022,1100,1088,1089,969,825,981,1199,1121,1010,1055,1007,1014,1072,1054,1043,1041,1013,996,814,1052,1021,1018,1005,1369,1324,894,845,1020,802,854,958,1182,0,1501,1219,859,1016,1327,1358,1379,1339,1381,1158,984,935,1240,1327
"OP915",944,873,1052,1074,1047,1023,1078,1042,969,1022,1097,1201,815,913,961,1147,925,1027,1100,1076,1081,970,879,950,1147,1057,1029,1020,1032,1026,1059,1034,1056,1022,1010,1016,809,1019,1007,1016,990,1343,1317,926,866,973,805,871,909,1139,1501,0,1199,863,938,1291,1344,1370,1331,1307,1160,975,948,1179,1300
"OP916",863,977,781,720,1021,794,729,729,849,752,1024,937,1004,860,1107,972,842,766,725,720,746,875,821,854,947,762,764,772,777,775,735,794,740,745,800,789,1034,766,731,727,822,1218,1164,905,914,814,974,932,972,1258,1219,1199,0,1139,955,1310,1230,1217,1223,1221,1298,867,892,1241,1198
"OP921",684,873,526,482,874,608,501,540,702,552,902,705,891,530,1132,756,770,580,503,503,510,803,976,572,690,512,640,570,607,616,548,573,567,532,601,608,913,607,526,482,636,953,864,763,921,648,1042,856,796,930,859,863,1139,0,702,1057,975,921,930,922,1149,713,765,831,947
"OP929",1308,1188,1047,1056,909,1019,1069,1043,984,1032,948,998,917,1105,837,996,935,1036,1066,1054,1089,910,795,1081,1039,1079,1013,1034,999,991,1024,1044,1004,1027,1036,1020,1008,1010,1018,1026,1000,980,1027,1045,967,1125,972,1090,1169,970,1016,938,955,702,0,948,958,978,957,998,845,1208,1149,967,943
"OP935",941,947,875,892,1070,865,897,891,899,880,1112,1115,845,883,1023,1095,854,913,906,892,893,908,792,873,1074,916,906,936,901,884,893,924,897,881,889,890,891,909,859,855,858,1395,1287,909,908,919,898,882,913,1212,1327,1291,1310,1057,948,0,1470,1404,1410,1358,1275,963,952,1262,1366
"OP938",953,906,943,959,1100,906,963,940,895,945,1103,1178,780,921,971,1147,887,967,976,982,977,864,757,933,1132,977,965,955,945,913,962,963,937,940,930,932,860,939,930,943,903,1448,1341,923,886,962,819,874,895,1245,1358,1344,1230,975,958,1470,0,1486,1471,1420,1274,968,960,1301,1416
"OP945",961,883,966,980,1081,915,985,956,882,952,1124,1222,768,927,970,1185,886,1005,1008,995,1001,864,742,956,1154,1002,966,949,948,915,957,1012,945,945,944,946,828,927,948,974,898,1491,1371,910,854,968,800,854,884,1251,1379,1370,1217,921,978,1404,1486,0,1569,1447,1278,970,941,1352,1472
"OP946",937,892,958,955,1081,895,952,925,875,942,1106,1206,784,914,962,1162,897,979,970,961,973,876,743,930,1123,977,949,943,943,899,942,963,920,936,932,933,846,907,924,955,891,1452,1355,930,851,951,809,870,870,1224,1339,1331,1223,930,957,1410,1471,1569,0,1414,1276,952,923,1319,1434
"OP951",998,890,941,964,1056,898,986,940,894,922,1078,1160,777,973,921,1143,842,968,983,978,970,860,722,964,1168,1003,924,956,924,913,960,994,932,936,918,908,830,943,933,943,884,1428,1327,888,842,982,781,818,880,1263,1381,1307,1221,922,998,1358,1420,1447,1414,0,1374,928,904,1325,1412
"OP952",824,911,824,790,1054,814,792,816,855,806,1037,1005,944,763,1121,1026,890,841,806,805,795,901,898,797,966,817,844,831,848,856,817,819,830,804,804,832,950,809,791,759,852,1266,1175,867,923,834,924,886,874,1180,1158,1160,1298,1149,845,1275,1274,1278,1276,1374,0,851,879,1110,1248
"OP956",1245,1178,1044,1057,950,1028,1081,1074,991,1066,971,1023,884,996,895,1010,984,1067,1094,1074,1091,977,884,1009,1029,1098,1076,1040,1046,1027,1066,1074,1045,1065,1066,1074,975,1023,1064,1030,1023,964,989,1120,1070,1171,1172,1223,1154,888,984,975,867,713,1208,963,968,970,952,928,851,0,1385,858,916
"OP959",1161,1162,1039,1038,977,1046,1024,1044,985,1064,973,989,939,938,961,997,995,1041,1045,1034,1071,1003,936,974,1017,1050,1051,1011,1034,1029,1036,1019,1035,1028,1076,1094,1000,985,1044,1002,1033,943,999,1089,1064,1106,1185,1238,1146,884,935,948,892,765,1149,952,960,941,923,904,879,1385,0,829,898
"OP964",955,881,813,813,968,782,834,802,833,774,1007,1057,776,1072,829,1008,755,855,827,824,830,717,599,951,1029,853,793,849,776,765,800,873,756,795,809,788,873,846,805,848,776,1279,1212,842,773,892,780,789,892,1241,1240,1179,1241,831,967,1262,1301,1352,1319,1325,1110,858,829,0,1417
"OP965",943,884,899,930,1076,860,928,913,892,877,1083,1171,766,943,918,1097,850,934,941,937,937,851,741,918,1105,943,932,935,898,875,926,962,899,891,904,903,827,926,901,918,862,1394,1296,878,833,926,819,815,861,1198,1327,1300,1198,947,943,1366,1416,1472,1434,1412,1248,916,898,1417,0
